{"cameraMode":{"drawMode":0,"name":"Shaded","section":"Shading Mode"},"sceneLighting":false,"audioPlay":false,"sceneViewState":{"showFog":true,"showMaterialUpdate":false,"showSkybox":false,"showFlares":true,"showImageEffects":true,"showParticleSystems":true,"showVisualEffectGraphs":true,"m_FxEnabled":true},"in2DMode":false,"pivot":{"x":9.894350051879883,"y":0.031042203307151796,"z":0.7846827507019043},"rotation":{"x":0.09112899750471115,"y":-0.9390312433242798,"z":0.26001861691474917,"w":0.21475321054458619},"size":0.1998206079006195,"orthographic":false}