{"cameraMode":{"drawMode":0,"name":"Shaded","section":"Shading Mode"},"sceneLighting":false,"audioPlay":false,"sceneViewState":{"showFog":true,"showMaterialUpdate":false,"showSkybox":false,"showFlares":true,"showImageEffects":true,"showParticleSystems":true,"showVisualEffectGraphs":true,"m_FxEnabled":true},"in2DMode":false,"pivot":{"x":-3.160511016845703,"y":-7.290875434875488,"z":29.391447067260743},"rotation":{"x":0.3315005898475647,"y":0.0007775448029860854,"z":0.00764043303206563,"w":0.9461991786956787},"size":10.669580459594727,"orthographic":false}