{"cameraMode":{"drawMode":0,"name":"Shaded","section":"Shading Mode"},"sceneLighting":true,"audioPlay":false,"sceneViewState":{"showFog":true,"showMaterialUpdate":false,"showSkybox":false,"showFlares":true,"showImageEffects":true,"showParticleSystems":true,"showVisualEffectGraphs":true,"m_FxEnabled":true},"in2DMode":false,"pivot":{"x":20.529773712158204,"y":2.3219447135925295,"z":0.5984814167022705},"rotation":{"x":0.21848176419734956,"y":0.3593735992908478,"z":-0.08620840311050415,"w":0.9035371541976929},"size":2.1213204860687258,"orthographic":false}