{"cameraMode":{"drawMode":0,"name":"Shaded","section":"Shading Mode"},"sceneLighting":false,"audioPlay":false,"sceneViewState":{"showFog":true,"showMaterialUpdate":false,"showSkybox":false,"showFlares":true,"showImageEffects":true,"showParticleSystems":true,"showVisualEffectGraphs":true,"m_FxEnabled":true},"in2DMode":false,"pivot":{"x":55.81243133544922,"y":0.04988044500350952,"z":28.43819808959961},"rotation":{"x":0.11949269473552704,"y":0.003177214413881302,"z":-0.004748506471514702,"w":0.9953104257583618},"size":9.784234046936036,"orthographic":false}