{"cameraMode":{"drawMode":0,"name":"Shaded","section":"Shading Mode"},"sceneLighting":false,"audioPlay":false,"sceneViewState":{"showFog":true,"showMaterialUpdate":false,"showSkybox":false,"showFlares":true,"showImageEffects":true,"showParticleSystems":true,"showVisualEffectGraphs":true,"m_FxEnabled":true},"in2DMode":false,"pivot":{"x":1.3055408000946046,"y":0.11211064457893372,"z":0.4968491494655609},"rotation":{"x":0.2343248724937439,"y":-0.678814172744751,"z":0.21631544828414918,"w":0.6644566655158997},"size":0.10605370998382569,"orthographic":false}