{"cameraMode":{"drawMode":0,"name":"Shaded","section":"Shading Mode"},"sceneLighting":false,"audioPlay":false,"sceneViewState":{"showFog":true,"showMaterialUpdate":false,"showSkybox":false,"showFlares":true,"showImageEffects":true,"showParticleSystems":true,"showVisualEffectGraphs":true,"m_FxEnabled":true},"in2DMode":false,"pivot":{"x":10.454487800598145,"y":0.03412929177284241,"z":0.5893610715866089},"rotation":{"x":0.1636858880519867,"y":-0.47158733010292055,"z":0.054732613265514377,"w":0.8669669032096863},"size":0.16288290917873383,"orthographic":false}