{"cameraMode":{"drawMode":0,"name":"Shaded","section":"Shading Mode"},"sceneLighting":true,"audioPlay":false,"sceneViewState":{"showFog":true,"showMaterialUpdate":false,"showSkybox":false,"showFlares":true,"showImageEffects":true,"showParticleSystems":true,"showVisualEffectGraphs":true,"m_FxEnabled":true},"in2DMode":false,"pivot":{"x":-31.036684036254884,"y":5.132678508758545,"z":1.3948909044265748},"rotation":{"x":0.09113175421953201,"y":-0.46901002526283266,"z":0.05775105580687523,"w":0.8796074986457825},"size":0.5763791799545288,"orthographic":false}