{"cameraMode":{"drawMode":0,"name":"Shaded","section":"Shading Mode"},"sceneLighting":false,"audioPlay":false,"sceneViewState":{"showFog":true,"showMaterialUpdate":false,"showSkybox":false,"showFlares":true,"showImageEffects":true,"showParticleSystems":true,"showVisualEffectGraphs":true,"m_FxEnabled":true},"in2DMode":false,"pivot":{"x":10.34467601776123,"y":0.33597084879875185,"z":-0.17917019128799439},"rotation":{"x":0.1636858880519867,"y":-0.47158733010292055,"z":0.054732613265514377,"w":0.8669669032096863},"size":0.12044519186019898,"orthographic":false}